2022-01-04,研发,5,云图平台V1.4
2022-01-05,研发,8,云图平台V1.4
2022-01-06,研发,6,云图平台V1.4
2022-01-07,研发,8,云图平台V1.4
2022-01-09,研发,6,云图平台V1.4
2022-01-10,研发,8,云图平台V1.4
2022-01-11,研发,8,云图平台V1.4
2022-01-12,研发,8,云图平台V1.4
2022-01-13,研发,6,云图平台V1.4
2022-01-14,研发,7,云图平台V1.4
2022-01-18,研发,1,云图平台V1.4
2022-01-24,研发,8,云图平台-前端SDK专项项目
2022-01-25,研发,7,云图平台-前端SDK专项项目
2022-01-26,研发,8,云图平台-前端SDK专项项目
2022-01-27,研发,8,云图平台-前端SDK专项项目
2022-01-28,研发,7,云图平台-前端SDK专项项目
2022-01-28,研发,1,云图平台V1.4.1
2022-01-29,研发,8,云图平台-前端SDK专项项目
2022-01-30,研发,8,云图平台-前端SDK专项项目
2022-02-10,研发,7,云图平台-前端SDK专项项目
2022-02-11,研发,7,云图平台-前端SDK专项项目
2022-02-14,研发,6,云图平台-前端SDK专项项目
2022-02-17,研发,3,云图平台-前端SDK专项项目
2022-02-25,研发,2,云图平台-前端SDK专项项目
2022-02-28,研发,4,云图平台V1.5.0
2022-03-03,研发,6,云图平台-前端SDK专项项目
2022-03-07,研发,8,云图平台V1.5.0
2022-03-08,研发,8,云图平台V1.5.0
2022-03-09,研发,4,云图平台-前端SDK专项项目
2022-03-10,研发,3,云图平台V1.5.0
2022-03-10,研发,3,云图平台-前端SDK专项项目
2022-03-11,研发,3,云图平台V1.5.0
2022-03-11,研发,2,云图平台-前端SDK专项项目
2022-03-15,研发,2,云图平台V1.5
2022-03-16,研发,2,云图平台V1.5
2022-03-17,研发,1,云图平台V1.5
2022-03-18,研发,1,云图平台V1.5
2022-03-21,研发,1,云图平台V1.5
2022-03-22,研发,3,云图平台V1.5
2022-03-28,研发,4,云图平台-前端SDK专项项目
2022-03-29,研发,6,云图平台-前端SDK专项项目
2022-04-02,研发,7,云图平台-前端SDK专项项目
2022-04-06,研发,1,云图平台-前端SDK专项项目
2022-04-06,研发,1,云图平台V2.0
2022-04-11,研发,1,云图平台V2.0
2022-04-13,研发,1,云图平台-前端SDK专项项目
2022-04-19,研发,3,云图平台V2.0
2022-04-20,研发,7,云图平台V2.0
2022-04-21,研发,6,云图平台V2.0
2022-04-22,研发,8,云图平台V2.0
2022-04-24,研发,7,云图平台V2.0
2022-04-25,研发,6,云图平台V2.0
2022-04-25,研发,1,云图平台-前端SDK专项项目
2022-04-26,研发,4,云图平台V2.0
2022-04-28,研发,8,云图平台V2.0
2022-04-29,研发,4,云图平台V2.0
2022-05-05,研发,3,云图平台-前端SDK专项项目
2022-05-05,研发,4,云图平台V2.0
2022-05-06,研发,8,云图平台-前端SDK专项项目
2022-05-07,研发,3,云图平台V2.0
2022-05-07,研发,5,云图平台-前端SDK专项项目
2022-05-09,研发,7,云图平台-前端SDK专项项目
2022-05-10,研发,3,云图平台V2.0
2022-05-10,研发,5,云图平台-前端SDK专项项目
2022-05-11,研发,8,云图平台-前端SDK专项项目
2022-05-11,研发,0,云图平台V2.0
2022-05-12,研发,4,云图平台V2.0
2022-05-12,研发,4,云图平台-前端SDK专项项目
2022-05-13,研发,3,云图平台V2.0
2022-05-13,研发,5,云图平台-前端SDK专项项目
2022-05-16,研发,1,云图平台V2.0
2022-05-16,研发,1,云图平台-前端SDK专项项目
2022-05-18,研发,8,云图平台-前端SDK专项项目
2022-05-20,研发,7.11,云图平台-前端SDK专项项目
2022-05-20,研发,0.89,云图平台V2.0
2022-05-23,研发,8,云图平台-前端SDK专项项目
2022-05-25,研发,4,云图平台v1.5.2
2022-05-26,研发,4,云图平台v1.5.2
2022-05-30,研发,5,云图平台v1.5.2
2022-05-31,研发,4,云图平台v1.5.2
2022-06-02,研发,4,云图平台V2.2
2022-06-02,研发,4,云图平台V2.2
2022-06-06,研发,4,云图平台V2.2
2022-06-06,研发,4,云图平台V2.2
2022-06-07,研发,2.67,云图V3.0
2022-06-07,研发,1.33,云图平台V2.2
2022-06-07,研发,2.67,云图V3.0
2022-06-07,研发,1.33,云图平台V2.2
2022-06-08,研发,4,云图V3.0
2022-06-08,研发,4,云图V3.0
2022-06-09,研发,4,云图V3.0
2022-06-09,研发,4,云图V3.0
2022-06-10,研发,4,云图V3.0
2022-06-10,研发,0,云图平台V2.2
2022-06-10,研发,4,云图V3.0
2022-06-10,研发,0,云图平台V2.2
2022-06-11,研发,4,云图V3.0
2022-06-11,研发,4,云图V3.0
2022-06-13,研发,8,云图V3.0
2022-06-14,研发,8,云图V3.0
2022-06-15,研发,8,云图V3.0
2022-06-16,研发,8,云图V3.0
2022-06-17,研发,8,云图V3.0
2022-06-18,研发,8,云图V3.0
2022-06-20,研发,8,云图V3.0
2022-06-21,研发,8,云图V3.0
2022-06-22,研发,8,云图V3.0
2022-06-23,研发,8,云图V3.0
2022-06-24,研发,8,云图V3.0
2022-06-25,研发,8,云图V3.0
2022-06-27,研发,8,云图V3.0
2022-06-28,研发,8,云图V3.0
2022-06-29,研发,4,云图V3.0
2022-06-30,研发,8,云图V3.0
2022-07-01,研发,5,云图V3.0