2022/7/1,研发,8,云图平台V3.1
2022/7/4,研发,8,云图平台V3.1
2022/7/5,研发,8,云图平台V3.1
2022/7/6,研发,8,云图平台V3.1
2022/7/7,研发,8,云图平台V3.1
2022/7/8,研发,8,云图平台V3.1
2022/7/11,研发,5,云图平台V3.1
2022/7/12,研发,4,云图平台V3.1
2022/7/13,研发,8,云图平台V3.1
2022/7/14,研发,8,云图平台V3.1
2022/7/15,研发,8,云图平台V3.1
2022/7/18,研发,8,云图平台V3.1
2022/7/19,研发,8,云图平台V3.1
2022/7/20,研发,8,云图平台V3.1
2022/7/21,研发,8,云图平台V3.1
2022/7/22,研发,8,云图平台V3.1
2022/7/25,研发,8,云图平台V3.1
2022/7/26,研发,2,云图平台V3.1
2022/7/27,研发,4,云图平台V3.1
2022/7/28,研发,2,云图平台V3.1
2022/7/29,研发,2,云图平台V3.1
2022/8/1,研发,6,云图平台V3.1
2022/8/8,研发,1,云图平台V3.1.1
2022/8/9,研发,2,云图平台V3.1.1
2022/8/15,研发,6,云图平台V3.1.1
2022/8/16,研发,7,云图平台V3.1.1
2022/8/17,研发,8,云图平台V3.1.1
2022/8/18,研发,0,云图平台V3.1.1
2022/8/19,研发,4,云图平台V3.1.1
2022/8/23,研发,1,云图平台V3.1.1
2022/8/25,研发,2,云图平台V3.1.1
2022/8/26,研发,3,云图平台V3.1.1
2022/9/5,研发,8,云图3.1.3
2022/9/6,研发,6,云图3.1.3
2022/9/7,研发,8,云图3.1.3
2022/9/8,研发,5,云图3.1.3
2022/9/15,研发,6,云图3.1.3
2022/9/27,研发,7,云图V3.3
2022/9/28,研发,1.78,云图V3.3
2022/9/29,研发,1,云图V3.3
2022/9/30,研发,3,云图V3.3
2022/10/8,研发,8,云图V3.3
2022/10/9,研发,8,云图V3.3
2022/10/10,研发,8,云图V3.3
2022/10/11,研发,8,云图V3.3
2022/10/12,研发,8,云图V3.3
2022/10/13,研发,8,云图V3.3
2022/10/14,研发,8,云图V3.3
2022/10/18,研发,8,云图V3.3
2022/10/19,研发,8,云图V3.3
2022/10/20,研发,8,云图V3.3
2022/10/21,研发,8,云图V3.3
,,312.78,
,,1.777159091,
